"Item","Qty","Reference(s)","Value","LibPart","Footprint","Datasheet","Part","PartAlt"
"1","1","C1","10 uF","Device:C","Capacitor_SMD:C_0805_2012Metric","~","C2012X5R1V106K085AC",""
"2","4","C2, C5, C9, C12","4.7 uF","Device:C","Capacitor_SMD:C_0805_2012Metric","~","C2012X5R1H475K125AB",""
"3","17","C3, C4, C6, C8, C10, C11, C15, C17, C22, C23, C24, C26, C28, C29, C30, C31, C32","100 nF","Device:C","Capacitor_SMD:C_0805_2012Metric","~","CC0805KRX7R7BB104",""
"4","1","C7","470 uF","Device:CP","ClimateSprinklerController:CP_Radial_Cutout_L20.0mm_D10.0mm_P5.00mm","http://products.nichicon.co.jp/en/pdf/XJA043/e-uvk.pdf","UVK1H471MPD",""
"5","1","C13","220 nF","Device:C","Capacitor_SMD:C_0805_2012Metric","~","C2012X5R1H224K125AA",""
"6","3","C14, C19, C20","1 uF","Device:C","Capacitor_SMD:C_0805_2012Metric","~","C0805C105K4RACTU",""
"7","3","C16, C18, C21","47 uF","Device:C","Capacitor_SMD:C_1210_3225Metric","~","GRM32ER61C476KE15L",""
"8","2","C25, C27","10 uF","Device:CP","Capacitor_SMD:CP_Elec_5x5.8","https://www.cde.com/resources/catalogs/AFK.pdf","EEE-HP0J100R",""
"9","5","C33, C34, C35, C36, C37",".01 uF","Device:C","Capacitor_SMD:C_0805_2012Metric","~","CC0805KRX7R9BB103",""
"10","1","D1","MBR230S1F-7","Device:D_Schottky","Diode_SMD:D_SOD-123F","https://www.diodes.com/assets/Datasheets/MBR230S1F.pdf","MBR230S1F-7",""
"11","1","D2","CD-MBL206SL","Device:D_Bridge_+AA-","Diode_SMD:Diode_Bridge_Bourns_CD-MBL2xxS","~","CD-MBL206SL",""
"12","1","D3, D12, D13","LED","Device:LED","LED_SMD:LED_1206_3216Metric_ReverseMount_Hole1.8x2.4mm","~","APTL3216QBC/D",""
"13","1","D4, D14, D15","LED","Device:LED","LED_SMD:LED_1206_3216Metric_ReverseMount_Hole1.8x2.4mm","~","APTL3216SURCK",""
"14","1","D5, D11","LED","Device:LED","LED_SMD:LED_1206_3216Metric_ReverseMount_Hole1.8x2.4mm","~","APTL3216ZGC",""
"15","1","D6, D7","Vx","Device:LED","LED_SMD:LED_1206_3216Metric_ReverseMount_Hole1.8x2.4mm","~","597-6901-607F",""
"17","1","D8","STATUS","Device:LED","LED_SMD:LED_1206_3216Metric_ReverseMount_Hole1.8x2.4mm","~","APTL3216SECK",""
"18","1","D9","1N4148","Diode:1N4148W","Diode_SMD:D_SOD-123","https://www.vishay.com/docs/85748/1n4148w.pdf","1N4148W",""
"19","1","D10","RELAY","Device:LED","LED_SMD:LED_1206_3216Metric_ReverseMount_Hole1.8x2.4mm","~","APTL3216CGCK",""
"25","1","F1","300 mA","Device:Polyfuse","Fuse:Fuse_2920_7451Metric","http://m.littelfuse.com/~/media/electronics/datasheets/resettable_ptcs/littelfuse_ptc_2920l_datasheet.pdf.pdf","2920L030DR",""
"55","1","K1","G6E-134P-US DC5","Relay:G6E","Relay_THT:Relay_SPDT_Omron_G6E","https://www.omron.com/ecb/products/pdf/en-g6e.pdf","G6E-134P-US DC5",""
"56","1","L1","15 uH","Device:L","Inductor_SMD:L_Wuerth_WE-PD-Typ-LS","~","7447709150","MSS1210-153MEB"
"57","2","Q1, Q2","MMSS8050","ClimateSprinklerController:MMSS8050","Package_TO_SOT_SMD:SOT-23","https://www.mccsemi.com/pdf/Products/MMSS8050(SOT-23).pdf","MMSS8050-H-TP",""
"58","1","Q3","TEPT5700","Device:Q_Photo_NPN","LED_THT:LED_D5.0mm_Clear","~","TEPT5700",""
"59","1","Q4","2N7002","Transistor_FET:2N7002","Package_TO_SOT_SMD:SOT-23","https://www.fairchildsemi.com/datasheets/2N/2N7002.pdf","2N7002",""
"60","5","Q5, Q6, Q7, Q8, Q9","2N6073B","ClimateSprinklerController:2N6073B","ClimateSprinklerController:TO-225-3_Vertical","https://m.littelfuse.com/~/media/electronics/datasheets/switching_thyristors/littelfuse_thyristor_2n6071_d_datasheet.pdf.pdf","2N6073BG",""
"61","16","R1, R2, R3, R5, R6, R7, R8, R11, R13, R14, R15, R22, R25, R26, R30, R50","10K","Device:R","Resistor_SMD:R_0805_2012Metric_Pad1.20x1.40mm_HandSolder","~","RC0805FR-0710KL",""
"62","1","R4","4K7","Device:R","Resistor_SMD:R_0805_2012Metric_Pad1.20x1.40mm_HandSolder","~","RT0805FRE074K7L",""
"63","4","R9, R29, R31, R32","1K2","Device:R","Resistor_SMD:R_0805_2012Metric_Pad1.20x1.40mm_HandSolder","~","RT0805FRE072K7L",""
"64","3","R10, R33, R34","2K7","Device:R","Resistor_SMD:R_0805_2012Metric_Pad1.20x1.40mm_HandSolder","~","RT0805FRE072K7L",""
"65","2","R12, R20","4.7","Device:R","Resistor_SMD:R_0805_2012Metric_Pad1.20x1.40mm_HandSolder","~","RC0805FR-074R7L",""
"66","2","R16, R19","100K","Device:R","Resistor_SMD:R_0805_2012Metric_Pad1.20x1.40mm_HandSolder","~","RC0805FR-07100KL",""
"67","1","R17","24.9K","Device:R","Resistor_SMD:R_0805_2012Metric_Pad1.20x1.40mm_HandSolder","~","RT0805FRE0724K9L",""
"68","2","R18, R21","3K3","Device:R","Resistor_SMD:R_0805_2012Metric_Pad1.20x1.40mm_HandSolder","~","RT0805FRE073K3L",""
"69","1","R23","5K","Device:R","Resistor_SMD:R_0805_2012Metric_Pad1.20x1.40mm_HandSolder","~","CRCW08055K00JNTA",""
"70","1","R24","8K2","Device:R","Resistor_SMD:R_0805_2012Metric_Pad1.20x1.40mm_HandSolder","~","RT0805FRE078K2L",""
"71","1","R27","1K6","Device:R","Resistor_SMD:R_0805_2012Metric_Pad1.20x1.40mm_HandSolder","~","RT0805FRE071K6L",""
"72","1","R28","120","Device:R","Resistor_SMD:R_0805_2012Metric_Pad1.20x1.40mm_HandSolder","~","RT0805FRE07120RL",""
"73","5","R35, R36, R37, R38, R39","270","Device:R","Resistor_SMD:R_0805_2012Metric_Pad1.20x1.40mm_HandSolder","~","RT0805FRE07270RL",""
"74","5","R40, R41, R42, R43, R44","180","Device:R","Resistor_SMD:R_0805_2012Metric_Pad1.20x1.40mm_HandSolder","~","RT0805FRE07180RL",""
"75","5","R45, R46, R47, R48, R49","820","Device:R","Resistor_SMD:R_0805_2012Metric_Pad1.20x1.40mm_HandSolder","~","RT0805FRE07820RL",""
"76","5","R51, R52, R53, R54, R55","39","Device:R","Resistor_SMD:R_0805_2012Metric_Pad1.20x1.40mm_HandSolder","~","ERJ-P06J390V",""
"77","1","RV1","B72205S0400K101","Device:Varistor","ClimateSprinklerController:RV_Disc_D7mm_W4mm_P5mm","~","B72205S0400K101",""
"78","1","SW1","POWER","Switch:SW_SPDT","Button_Switch_THT:SW_Push_1P2T_Vertical_E-Switch_800UDP8P1A1M6","~","48BFSP1M6QT",""
"79","1","SW2, SW3","PB","Switch:SW_Push","Button_Switch_THT:SW_Tactile_SPST_Angled_PTS645Vx58-2LFS","~","PTS645VK582LFS",""
"81","2","TH1, TH2","NXFT15XH103FA2B100","Device:Thermistor_NTC","Connector_PinSocket_2.54mm:PinSocket_1x02_P2.54mm_Vertical","~","NXFT15XH103FA2B100",""
"82","1","U1","ESP32-WROVER","ClimateSprinklerController:ESP32-WROVER","ClimateSprinklerController:ESP32-WROVER","","ESP32-WROVER",""
"83","1","U2","MCP23017_SO","Interface_Expansion:MCP23017_SO","Package_SO:SOIC-28W_7.5x17.9mm_P1.27mm","http://ww1.microchip.com/downloads/en/DeviceDoc/20001952C.pdf","MCP23017-E/SO",""
"84","1","U3","FT232RL","Interface_USB:FT232RL","Package_SO:SSOP-28_5.3x10.2mm_P0.65mm","https://www.ftdichip.com/Support/Documents/DataSheets/ICs/DS_FT232R.pdf","FT232RL",""
"85","1","U4","TPS22917DBV","Power_Management:TPS22917DBV","Package_TO_SOT_SMD:SOT-23-6","http://www.ti.com/lit/ds/symlink/tps22917.pdf","TPS22917DBV",""
"86","1","U5","LMR36520","Regulator_Switching:LMR33630ADDA","Package_SO:Texas_HSOP-8-1EP_3.9x4.9mm_P1.27mm_ThermalVias","https://www.ti.com/lit/ds/symlink/lmr36520.pdf","LMR36520ADDAR",""
"87","1","U6","SGP40","ClimateSprinklerController:SGP40-Sensor_Air_Quality","ClimateSprinklerController:DFN-6-1EP_2.44x2.44mm_P0.8mm_EP1.25x1.7mm","","SGP40",""
"88","1","U7","BME680","Sensor:BME680","Package_LGA:Bosch_LGA-8_3x3mm_P0.8mm_ClockwisePinNumbering","https://ae-bst.resource.bosch.com/media/_tech/media/datasheets/BST-BME680-DS001.pdf","BME680",""
"89","1","U8","LD1086DT33TR","Regulator_Linear:LD1086DT33TR","Package_TO_SOT_SMD:TO-252-2","https://www.st.com/resource/en/datasheet/ld1086.pdf","LD1086DT33TR",""
"90","1","U9","BME280","Sensor:BME280","Package_LGA:Bosch_LGA-8_2.5x2.5mm_P0.65mm_ClockwisePinNumbering","https://ae-bst.resource.bosch.com/media/_tech/media/datasheets/BST-BME280-DS002.pdf","BME280",""
"91","1","U10","SHTC3","Sensor_Humidity:SHTC3","Package_DFN_QFN:AMS_QFN-4-1EP_2x2mm_P0.95mm_EP0.7x1.6mm","https://www.sensirion.com/fileadmin/user_upload/customers/sensirion/Dokumente/0_Datasheets/Humidity/Sensirion_Humidity_Sensors_SHT1x_Datasheet.pdf","SHTC3",""
"92","1","U11","TMP117","ClimateSprinklerController:TMP117-Sensor_Temperature","Package_SON:WSON-6-1EP_2x2mm_P0.65mm_EP1x1.6mm","http://www.ti.com/lit/gpn/tmp101","TMP117MAIDRVR",""
"93","5","U12, U13, U14, U15, U16","MOC3043","Relay_SolidState:MOC3043M","Package_DIP:SMDIP-6_W9.53mm","http://www.fairchildsemi.com/ds/MO/MOC3031M.pdf","MOC3043SM",""
"94","1","U17","DHT22","Sensor:DHT11","Connector_PinSocket_2.54mm:PinSocket_1x04_P2.54mm_Vertical","http://akizukidenshi.com/download/ds/aosong/DHT11.pdf","DHT22",""
